SupplierID,CostScore,QualityScore,DeliveryScore,RiskScore,OverallScore
SUP01,87,85,94,28,88.66666666666667
SUP02,84,94,91,34,89.66666666666667
SUP03,89,77,87,39,84.33333333333333
SUP04,78,86,91,54,85.0
SUP05,75,89,84,56,82.66666666666667
SUP06,75,81,77,22,77.66666666666667
